Workbook
Name aaaaaa: #REF!
Name aaaaaa: #REF!
Name amarks: #REF!
Name amarks: #REF!
Name cost: [2]Sheet22!$D$4
Name criteria1: '[3]Advance filter'!#REF!
Name criteria1: '[3]Advance filter'!#REF!
Name Employee_ID: "sheet34!a1:a10"
Name Entertainment: [4]Scenarios!$C$6
Name etype: '[5]Data validation'!$G$29:$G$31
Name Furniture: [4]Scenarios!$C$3
Name GST: '[6]Cell references'!$H$18
Name lap_price: '[7]Financial functions'!$B$114
Name lap_price2: #REF!
Name lap_price2: #REF!
Name lap_qty: '[7]Financial functions'!$B$115
Name laptop_price: #REF!
Name laptop_price: #REF!
Name Laptop_qty: #REF!
Name Laptop_qty: #REF!
Name marks_list: '[8]Define name'!$G$10:$G$14
Name marks_list1: #REF!
Name marks_list1: #REF!
Name mobileprice: '[9]relative cell reference'!#REF!
Name mobileprice: '[9]relative cell reference'!#REF!
Name PF: [9]Sheet15!$B$3
Name Price: '[9]relative cell reference'!#REF!
Name qty: [2]Sheet22!$D$5
Name quantity: '[9]relative cell reference'!#REF!
Name salary: [2]Sheet22!$F$2:$F$6
Name Salary_emp: [4]Scenarios!$C$5
Name salesvalue: [10]Sheet25!$E$3:$E$10
Name Staff_welfare: [4]Scenarios!$C$4
Name totaltax: '[9]relative cell reference'!#REF!
Name totaltax: '[9]relative cell reference'!#REF!

Sheet index match
A1: Date: | B1: 10 | D1: Date | E1: Weekday | F1: Amount
A2: Amount: | B2: =INDEX(F2:F21,MATCH(B1,D2:D21)) -> 358 | D2: 5 | E2: Sunday | F2: 23
D3: 6 | E3: Monday | F3: 145
A4: Match | B4: =MATCH(B1,D2:D21,0) -> 6 | D4: 7 | E4: Tuesday | F4: 963
D5: 8 | E5: Wednesday | F5: 258
A6: Index | B6: =INDEX(F2:F21,B4) -> 358 | D6: 9 | E6: Thursday | F6: 78
D7: 10 | E7: Friday | F7: 358
D8: 11 | E8: Saturday | F8: 258
D9: 12 | E9: Sunday | F9: 147
D10: 13 | E10: Monday | F10: 369
D11: 14 | E11: Tuesday | F11: 145
D12: 15 | E12: Wednesday | F12: 269
D13: 16 | E13: Thursday | F13: 357
D14: 17 | E14: Friday | F14: 856
D15: 18 | E15: Saturday | F15: 695
D16: 19 | E16: Sunday | F16: 357
D17: 20 | E17: Monday | F17: 698
D18: 21 | E18: Tuesday | F18: 258
... D21: 24 | E21: Friday | F21: 123
A31: Employee ID | B31: DEPARTMENT | C31: SALARY | D31: CITY | G31: Department | H31: Salary | I31: City
A32: A004 | B32: Human Resource | C32: 13500 | D32: Kolkata | F32: A005 | G32: =INDEX(B32:B39,MATCH(F32,A32:A39,0)) -> Training | H32: =INDEX(C32:C39,MATCH(F32,A32:A39,0)) -> 19000 | I32: =INDEX(D32:D39,MATCH(F32,A32:A39,0)) -> Ahmadabad
A33: A001 | B33: Administration | C33: 16500 | D33: Mumbai
A34: A002 | B34: Sales | C34: 17400 | D34: Chennai
A35: A008 | B35: Administration | C35: 17500 | D35: Hyderabad
A36: A003 | B36: Marketing | C36: 18500 | D36: Delhi
A37: A005 | B37: Training | C37: 19000 | D37: Ahmadabad
A38: A007 | B38: Quality | C38: 21000 | D38: Chennai
A39: A006 | B39: Production | C39: 25000 | D39: Noida

Sheet Sheet9
A1: Employee ID | B1: Name | C1: TYPE | D1: City
A2: A001 | B2: Vinaykumar | C2: Permanent | D2: =INDEX(Sheet10!$D$2:$D$9,MATCH(A2,Sheet10!$A$2:$A$9,0)) -> Mumbai | E2: =IFERROR(INDEX(Sheet10!$D$2:$D$9,MATCH(Sheet9!A2,Sheet10!$A$2:$A$9,0)),"") -> Mumbai
A3: A002 | B3: Rajeev | C3: Temporary | D3: =INDEX(Sheet10!$D$2:$D$9,MATCH(A3,Sheet10!$A$2:$A$9,0)) -> Chennai | E3: =IFERROR(INDEX(Sheet10!$D$2:$D$9,MATCH(Sheet9!A3,Sheet10!$A$2:$A$9,0)),"") -> Chennai
A4: A003 | B4: Prasad | C4: Contract | D4: =INDEX(Sheet10!$D$2:$D$9,MATCH(A4,Sheet10!$A$2:$A$9,0)) -> Delhi | E4: =IFERROR(INDEX(Sheet10!$D$2:$D$9,MATCH(Sheet9!A4,Sheet10!$A$2:$A$9,0)),"") -> Delhi
A5: A004 | B5: Sunitha | C5: Contract | D5: =INDEX(Sheet10!$D$2:$D$9,MATCH(A5,Sheet10!$A$2:$A$9,0)) -> Kolkata | E5: =IFERROR(INDEX(Sheet10!$D$2:$D$9,MATCH(Sheet9!A5,Sheet10!$A$2:$A$9,0)),"") -> Kolkata
A6: A005 | B6: Robert | C6: Temporary | D6: =INDEX(Sheet10!$D$2:$D$9,MATCH(A6,Sheet10!$A$2:$A$9,0)) -> Ahmadabad | E6: =IFERROR(INDEX(Sheet10!$D$2:$D$9,MATCH(Sheet9!A6,Sheet10!$A$2:$A$9,0)),"") -> Ahmadabad
A7: A006 | B7: Daya | C7: Temporary | D7: =INDEX(Sheet10!$D$2:$D$9,MATCH(A7,Sheet10!$A$2:$A$9,0)) -> Noida | E7: =IFERROR(INDEX(Sheet10!$D$2:$D$9,MATCH(Sheet9!A7,Sheet10!$A$2:$A$9,0)),"") -> Noida
A8: A007 | B8: Mahesh | C8: Contract | D8: =INDEX(Sheet10!$D$2:$D$9,MATCH(A8,Sheet10!$A$2:$A$9,0)) -> Chennai | E8: =IFERROR(INDEX(Sheet10!$D$2:$D$9,MATCH(Sheet9!A8,Sheet10!$A$2:$A$9,0)),"") -> Chennai
A9: A008 | B9: Robin | C9: Temporary | D9: =INDEX(Sheet10!$D$2:$D$9,MATCH(A9,Sheet10!$A$2:$A$9,0)) -> Hyderabad | E9: =IFERROR(INDEX(Sheet10!$D$2:$D$9,MATCH(Sheet9!A9,Sheet10!$A$2:$A$9,0)),"") -> Hyderabad
A10: A009 | B10: Venkatesh | C10: Contract | D10: =INDEX(Sheet10!$D$2:$D$9,MATCH(A10,Sheet10!$A$2:$A$9,0)) -> #N/A | E10: =IFERROR(INDEX(Sheet10!$D$2:$D$9,MATCH(Sheet9!A10,Sheet10!$A$2:$A$9,0)),"")
A11: A010 | B11: Vivek | C11: Permanent | D11: =INDEX(Sheet10!$D$2:$D$9,MATCH(A11,Sheet10!$A$2:$A$9,0)) -> #N/A | E11: =IFERROR(INDEX(Sheet10!$D$2:$D$9,MATCH(Sheet9!A11,Sheet10!$A$2:$A$9,0)),"")

Sheet Sheet10
A1: Employee ID | B1: DEPARTMENT | C1: SALARY | D1: CITY
A2: A004 | B2: Human Resource | C2: 13500 | D2: Kolkata
A3: A001 | B3: Administration | C3: 16500 | D3: Mumbai
A4: A002 | B4: Sales | C4: 17400 | D4: Chennai
A5: A008 | B5: Administration | C5: 17500 | D5: Hyderabad
A6: A003 | B6: Marketing | C6: 18500 | D6: Delhi
A7: A005 | B7: Training | C7: 19000 | D7: Ahmadabad
A8: A007 | B8: Quality | C8: 21000 | D8: Chennai
A9: A006 | B9: Production | C9: 25000 | D9: Noida
