Workbook
Name aaaaaa: #REF!
Name aaaaaa: #REF!
Name amarks: #REF!
Name amarks: #REF!
Name cost: [2]Sheet22!$D$4
Name criteria1: '[3]Advance filter'!#REF!
Name criteria1: '[3]Advance filter'!#REF!
Name Employee_ID: "sheet34!a1:a10"
Name etype: '[10]Data validation'!$G$29:$G$31
Name etype: '[4]Data validation'!$G$29:$G$31
Name GST: '[5]Cell references'!$H$18
Name lap_price: #REF!
Name lap_price: '[6]Financial functions'!$B$114
Name lap_price2: #REF!
Name lap_qty: #REF!
Name lap_qty: '[6]Financial functions'!$B$115
Name laptop_price: #REF!
Name laptop_price: #REF!
Name Laptop_qty: #REF!
Name Laptop_qty: #REF!
Name laptopprice: #REF!
Name marks_list: #REF!
Name marks_list: '[7]Define name'!$G$10:$G$14
Name marks_list1: #REF!
Name marks_list1: #REF!
Name markslist: #REF!
Name mobileprice: '[8]relative cell reference'!#REF!
Name mobileprice: '[8]relative cell reference'!#REF!
Name PF: [8]Sheet15!$B$3
Name Price: '[8]relative cell reference'!#REF!
Name Price: '[8]relative cell reference'!#REF!
Name qty: [2]Sheet22!$D$5
Name quantity: '[8]relative cell reference'!#REF!
Name quantity: '[8]relative cell reference'!#REF!
Name salary: [2]Sheet22!$F$2:$F$6
Name salesvalue: [9]Sheet25!$E$3:$E$10
Name totaltax: '[8]relative cell reference'!#REF!
Name totaltax: '[8]relative cell reference'!#REF!

Sheet vlookup
A1: Bill No | B1: Product name | C1: Shop Num | D1: Address | E1: Price
A2: 105 | B2: Samsung mobile | C2: 999 | D2: 2nd Corss Jayanagara | E2: 12500
A3: 201 | B3: Micromax Mobile | C3: 888 | D3: 1st Main Rajajinagara | E3: 16500
A4: 456 | B4: Vivo | C4: 777 | D4: 3rd Corss HSR Layout | E4: 47000
A5: 345 | B5: Vivo V5 | C5: 666 | D5: 1st Cross Kengeri | E5: 36000
A6: 632 | B6: Iphone | C6: 555 | D6: 3rd main 2nd Cross Saraswathipuram | E6: 25000
A7: 987 | B7: Samsung G2 | C7: 444 | D7: Vijayanagara 2nd Stage | E7: 18500
A8: 412 | B8: Oppo | C8: 333 | D8: Shanthinagara | E8: 16800
A11: 632 | B11: =LOOKUP(A11,A2:A8,D2:D8) -> 3rd main 2nd Cross Saraswathipuram
A13: 412 | B13: =VLOOKUP(A13,A1:E8,4,FALSE) -> Shanthinagara
A20: Bill No | B20: 105 | C20: 201 | D20: 456 | E20: 345 | F20: 632 | G20: 987 | H20: 412
A21: Product name | B21: Samsung mobile | C21: Micromax Mobile | D21: Vivo | E21: Vivo V5 | F21: Iphone | G21: Samsung G2 | H21: Oppo
A22: Shop Num | B22: 999 | C22: 888 | D22: 777 | E22: 666 | F22: 555 | G22: 444 | H22: 333
A23: Address | B23: 2nd Corss Jayanagara | C23: 1st Main Rajajinagara | D23: 3rd Corss HSR Layout | E23: 1st Cross Kengeri | F23: 3rd main 2nd Cross Saraswathipuram | G23: Vijayanagara 2nd Stage | H23: Shanthinagara
A24: Price | B24: 12500 | C24: 16500 | D24: 47000 | E24: 36000 | F24: 25000 | G24: 18500 | H24: 16800
A27: 201 | B27: =HLOOKUP(A27,A20:H24,4,FALSE) -> 1st Main Rajajinagara

Sheet vlookup2
A1: Employee ID | B1: Name | C1: TYPE | D1: DEPARTMENT | E1: SALARY | F1: CITY
A2: A001 | B2: Vinaykumar | C2: Permanent | D2: Administration | E2: 16500 | F2: Mumbai
A3: A002 | B3: Rajeev | C3: Temporary | D3: Sales | E3: 17400 | F3: Chennai
A4: A003 | B4: Prasad | C4: Contract | D4: Marketing | E4: 18500 | F4: Delhi
A5: A004 | B5: Sunitha | C5: Contract | D5: Human Resource | E5: 13500 | F5: Kolkata
A6: A005 | B6: Robert | C6: Temporary | D6: Training | E6: 19000 | F6: Ahmadabad
A7: A006 | B7: Daya | C7: Temporary | D7: Production | E7: 25000 | F7: Noida
A8: A007 | B8: Mahesh | C8: Contract | D8: Quality | E8: 21000 | F8: Chennai
A9: A008 | B9: Robin | C9: Temporary | D9: Administration | E9: 17500 | F9: Hyderabad
A10: A009 | B10: Venkatesh | C10: Contract | D10: Sales | E10: 18600 | F10: Vizag
A11: A010 | B11: Vivek | C11: Permanent | D11: Marketing | E11: 22000 | F11: Bangalore
A12: A011 | B12: Kumar | C12: Permanent | D12: Sales | E12: 17400 | F12: Bangalore
A13: A012 | B13: Vasanth | C13: Temporary | D13: Marketing | E13: 16500 | F13: Hyderabad
... A21: A020 | B21: Imran | C21: Permanent | D21: Quality | E21: 17400 | F21: Kolkata

Sheet Sheet6
A1: Employee ID | B1: Name | C1: TYPE | D1: DEPARTMENT | E1: SALARY | F1: CITY
A2: A001 | B2: Vinaykumar | C2: Permanent | D2: =VLOOKUP(A2,Sheet7!$A$1:$F$21,4,FALSE) -> Administration | E2: =VLOOKUP(A2,Sheet7!$A$1:$F$21,5,FALSE) -> 16500 | F2: =VLOOKUP(A2,Sheet7!$A$1:$F$21,6,FALSE) -> Mumbai
A3: A002 | B3: Rajeev | C3: Temporary | D3: =VLOOKUP(A3,Sheet7!$A$1:$F$21,4,FALSE) -> Sales | E3: =VLOOKUP(A3,Sheet7!$A$1:$F$21,5,FALSE) -> 17400 | F3: =VLOOKUP(A3,Sheet7!$A$1:$F$21,6,FALSE) -> Chennai
A4: A003 | B4: Prasad | C4: Contract | D4: =VLOOKUP(A4,Sheet7!$A$1:$F$21,4,FALSE) -> Marketing | E4: =VLOOKUP(A4,Sheet7!$A$1:$F$21,5,FALSE) -> 18500 | F4: =VLOOKUP(A4,Sheet7!$A$1:$F$21,6,FALSE) -> Delhi
A5: A004 | B5: Sunitha | C5: Contract | D5: =VLOOKUP(A5,Sheet7!$A$1:$F$21,4,FALSE) -> Human Resource | E5: =VLOOKUP(A5,Sheet7!$A$1:$F$21,5,FALSE) -> 13500 | F5: =VLOOKUP(A5,Sheet7!$A$1:$F$21,6,FALSE) -> Kolkata
A6: A005 | B6: Robert | C6: Temporary | D6: =VLOOKUP(A6,Sheet7!$A$1:$F$21,4,FALSE) -> Training | E6: =VLOOKUP(A6,Sheet7!$A$1:$F$21,5,FALSE) -> 19000 | F6: =VLOOKUP(A6,Sheet7!$A$1:$F$21,6,FALSE) -> Ahmadabad
A7: A006 | B7: Daya | C7: Temporary | D7: =VLOOKUP(A7,Sheet7!$A$1:$F$21,4,FALSE) -> Production | E7: =VLOOKUP(A7,Sheet7!$A$1:$F$21,5,FALSE) -> 25000 | F7: =VLOOKUP(A7,Sheet7!$A$1:$F$21,6,FALSE) -> Noida
A8: A007 | B8: Mahesh | C8: Contract | D8: =VLOOKUP(A8,Sheet7!$A$1:$F$21,4,FALSE) -> Quality | E8: =VLOOKUP(A8,Sheet7!$A$1:$F$21,5,FALSE) -> 21000 | F8: =VLOOKUP(A8,Sheet7!$A$1:$F$21,6,FALSE) -> Chennai
A9: A008 | B9: Robin | C9: Temporary | D9: =VLOOKUP(A9,Sheet7!$A$1:$F$21,4,FALSE) -> Administration | E9: =VLOOKUP(A9,Sheet7!$A$1:$F$21,5,FALSE) -> 17500 | F9: =VLOOKUP(A9,Sheet7!$A$1:$F$21,6,FALSE) -> Hyderabad
A10: A009 | B10: Venkatesh | C10: Contract | D10: =VLOOKUP(A10,Sheet7!$A$1:$F$21,4,FALSE) -> Sales | E10: =VLOOKUP(A10,Sheet7!$A$1:$F$21,5,FALSE) -> 18600 | F10: =VLOOKUP(A10,Sheet7!$A$1:$F$21,6,FALSE) -> Vizag
A11: A010 | B11: Vivek | C11: Permanent | D11: =VLOOKUP(A11,Sheet7!$A$1:$F$21,4,FALSE) -> Marketing | E11: =VLOOKUP(A11,Sheet7!$A$1:$F$21,5,FALSE) -> 22000 | F11: =VLOOKUP(A11,Sheet7!$A$1:$F$21,6,FALSE) -> Bangalore
B19: 20
B20: 0
B22: =B19/B20 -> #DIV/0!
B23: =IFERROR(B19/B20,"Division by zero error") -> Division by zero error
B25: =IFERROR(B19/B20,"")

Sheet Sheet7
A1: Employee ID | B1: Name | C1: TYPE | D1: DEPARTMENT | E1: SALARY | F1: CITY
A2: A015 | B2: Ananth | C2: Temporary | D2: Training | E2: 19600 | F2: Kolkata
A3: A014 | B3: Bharath | C3: Temporary | D3: Quality | E3: 17500 | F3: Bangalore
A4: A016 | B4: Chethan | C4: Contract | D4: Human Resource | E4: 13800 | F4: Delhi
A5: A006 | B5: Daya | C5: Temporary | D5: Production | E5: 25000 | F5: Noida
A6: A017 | B6: Gautham | C6: Temporary | D6: Sales | E6: 16500 | F6: Chennai
A7: A018 | B7: Harish | C7: Permanent | D7: Production | E7: 14800 | F7: Mumbai
A8: A020 | B8: Imran | C8: Permanent | D8: Quality | E8: 17400 | F8: Kolkata
A9: A019 | B9: Jaganath | C9: Contract | D9: Administration | E9: 18500 | F9: Delhi
A10: A011 | B10: Kumar | C10: Permanent | D10: Sales | E10: 17400 | F10: Bangalore
A11: A013 | B11: Lokesh | C11: Contract | D11: Administration | E11: 18000 | F11: Noida
A12: A007 | B12: Mahesh | C12: Contract | D12: Quality | E12: 21000 | F12: Chennai
A13: A003 | B13: Prasad | C13: Contract | D13: Marketing | E13: 18500 | F13: Delhi
... A21: A010 | B21: Vivek | C21: Permanent | D21: Marketing | E21: 22000 | F21: Bangalore

Sheet Sheet9
A1: Employee ID | B1: Name | C1: TYPE | D1: DEPARTMENT
A2: A001 | B2: Vinaykumar | C2: Permanent | D2: =IFERROR(VLOOKUP(A2,Sheet10!$A$1:$D$10,4,FALSE),"") -> Administration
A3: A002 | B3: Rajeev | C3: Temporary | D3: =IFERROR(VLOOKUP(A3,Sheet10!$A$1:$D$10,4,FALSE),"")
A4: A003 | B4: Prasad | C4: Contract | D4: =IFERROR(VLOOKUP(A4,Sheet10!$A$1:$D$10,4,FALSE),"") -> Marketing
A5: A004 | B5: Sunitha | C5: Contract | D5: =IFERROR(VLOOKUP(A5,Sheet10!$A$1:$D$10,4,FALSE),"") -> Human Resource
A6: A005 | B6: Robert | C6: Temporary | D6: =IFERROR(VLOOKUP(A6,Sheet10!$A$1:$D$10,4,FALSE),"") -> Training
A7: A006 | B7: Daya | C7: Temporary | D7: =IFERROR(VLOOKUP(A7,Sheet10!$A$1:$D$10,4,FALSE),"")
A8: A007 | B8: Mahesh | C8: Contract | D8: =IFERROR(VLOOKUP(A8,Sheet10!$A$1:$D$10,4,FALSE),"") -> Quality
A9: A008 | B9: Robin | C9: Temporary | D9: =IFERROR(VLOOKUP(A9,Sheet10!$A$1:$D$10,4,FALSE),"") -> Administration
A10: A009 | B10: Venkatesh | C10: Contract | D10: =IFERROR(VLOOKUP(A10,Sheet10!$A$1:$D$10,4,FALSE),"") -> Sales
A11: A010 | B11: Vivek | C11: Permanent | D11: =IFERROR(VLOOKUP(A11,Sheet10!$A$1:$D$10,4,FALSE),"") -> Marketing

Sheet Sheet10
A1: Employee ID | B1: Name | C1: TYPE | D1: DEPARTMENT
A2: A007 | B2: Mahesh | C2: Contract | D2: Quality
A3: A003 | B3: Prasad | C3: Contract | D3: Marketing
A4: A005 | B4: Robert | C4: Temporary | D4: Training
A5: A008 | B5: Robin | C5: Temporary | D5: Administration
A6: A004 | B6: Sunitha | C6: Contract | D6: Human Resource
A7: A012 | B7: Vasanth | C7: Temporary | D7: Marketing
A8: A009 | B8: Venkatesh | C8: Contract | D8: Sales
A9: A001 | B9: Vinaykumar | C9: Permanent | D9: Administration
A10: A010 | B10: Vivek | C10: Permanent | D10: Marketing
